flow_key,n_pkts,duration,byte_rate,pkt_rate,iat_max,iat_min,iat_mean,iat_std,iat_var,pkt_len_max,pkt_len_min,pkt_len_avg,pkt_len_std,pkt_len_var,payload_len_max,payload_len_min,payload_len_avg,payload_len_std,Label
"('74.125.133.16', '993', '10.8.8.234', '51055', 'TLS')",2186,1215.451009,1052.688254,1.798509347,60.07227993,1.79E-05,0.556270485,2.667635262,7.116277889,1360,63,585.3115279,533.8770126,285024.6646,1308,11,533.3115279,533.8770126,VPN-Email
"('10.8.8.234', '51055', '74.125.133.16', '993', 'TLS')",770,1215.001407,59.40075425,0.633744122,60.39211917,0.315022945,1.579975822,4.406523891,19.4174528,108,89,93.72987013,2.443069441,5.968588295,56,37,41.72987013,2.443069441,VPN-Email
"('10.8.8.234', '37815', '173.194.67.16', '465', 'TLS')",11,3.614217043,584.9122991,3.043536088,1.029550076,0.000496864,0.361421704,0.307346764,0.094462033,892,83,192.1818182,225.739922,50958.5124,840,31,140.1818182,225.739922,VPN-Email
"('173.194.67.16', '465', '10.8.8.234', '37815', 'TLS')",11,3.452008009,1088.352052,3.186551124,1.049958944,7.99E-05,0.345200801,0.327847133,0.107483743,1360,101,341.5454545,396.5077928,157218.4298,1308,49,289.5454545,396.5077928,VPN-Email
"('10.8.8.234', '51039', '74.125.133.16', '993', 'TLS')",186,278.6410029,64.55259568,0.667525591,49.48630404,0.000970125,1.506167583,4.400673754,19.36592949,591,83,96.70430108,38.34119157,1470.046971,539,31,44.70430108,38.34119157,VPN-Email
"('74.125.133.16', '993', '10.8.8.234', '51039', 'TLS')",222,278.6057301,76.50955347,0.796824961,49.48463607,1.79E-05,1.260659412,4.067298047,16.54291341,211,82,96.01801802,14.17330442,200.8825582,159,30,44.01801802,14.17330442,VPN-Email
"('10.8.8.234', '37817', '173.194.67.16', '465', 'TLS')",10,3.06881094,747.194938,3.258591095,1.007466078,0.145461082,0.340978993,0.285594785,0.081564381,895,83,229.3,262.1576053,68726.61,843,31,177.3,262.1576053,VPN-Email
"('173.194.67.16', '465', '10.8.8.234', '37817', 'TLS')",9,2.921813965,461.699484,3.080278248,0.928636074,0.157045841,0.365226746,0.265133317,0.070295676,288,101,149.8888889,53.73276353,2887.209877,236,49,97.88888889,53.73276353,VPN-Email
"('74.125.133.16', '993', '10.8.8.234', '51040', 'TLS')",677,1162.736473,80.78958749,0.582247152,125.1571221,1.72E-05,1.720024368,7.378325596,54.43968859,853,82,138.7548006,100.7257512,10145.67695,801,30,86.75480059,100.7257512,VPN-Email
"('10.8.8.234', '51040', '74.125.133.16', '993', 'TLS')",372,1162.415097,29.76217368,0.320023373,125.4816911,0.314248085,3.133194332,9.823584533,96.50281308,249,89,93,8.410822521,70.74193548,197,37,41,8.410822521,VPN-Email
"('10.8.8.234', '38620', '63.245.216.134', '443', 'TLS')",4,0.873044014,1541.732122,4.581670495,0.295908928,0.2822721,0.291014671,0.006196661,3.84E-05,637,93,336.5,201.3510616,40542.25,597,53,296.5,201.3510616,VPN-Email
"('10.8.8.234', '38621', '63.245.216.134', '443', 'TLS')",3,5.755032063,123.1965335,0.521282934,5.477585077,0.277446985,2.877516031,2.600069046,6.760359044,382,93,236.3333333,117.9952918,13922.88889,342,53,196.3333333,117.9952918,VPN-Email
"('63.245.216.134', '443', '10.8.8.234', '38620', 'TLS')",5,0.595679998,3881.278549,8.393768489,0.310114861,0.000264168,0.14892,0.148215569,0.021967855,1252,109,462.4,421.794073,177910.24,1212,69,422.4,421.794073,VPN-Email
"('63.245.216.134', '443', '10.8.8.234', '38621', 'TLS')",3,0.280701876,6034.872392,10.68749538,0.280529976,0.0001719,0.140350938,0.140179038,0.019650163,1252,115,564.6666667,493.6640783,243704.2222,1212,75,524.6666667,493.6640783,VPN-Email
"('10.8.8.234', '38206', '63.245.217.161', '443', 'TLS')",5,13.85818219,160.410649,0.360797681,12.97548318,0.288358927,3.464545548,5.491144205,30.15266468,745,105,444.6,255.6877784,65376.24,693,53,392.6,255.6877784,VPN-Email
"('10.8.8.234', '38207', '63.245.217.161', '443', 'TLS')",4,13.61152101,109.7599599,0.293868701,12.99259496,0.275738955,4.537173669,5.978949138,35.74783279,745,105,373.5,237.5799865,56444.25,693,53,321.5,237.5799865,VPN-Email
"('63.245.217.161', '443', '10.8.8.234', '38206', 'TLS')",5,0.888237,3172.57669,5.629128265,0.297101021,7.99E-05,0.22205925,0.128166228,0.016426582,1360,127,563.6,444.4941394,197575.04,1308,75,511.6,444.4941394,VPN-Email
"('63.245.217.161', '443', '10.8.8.234', '38207', 'TLS')",4,0.661530972,3375.503334,6.046580088,0.339418888,8.30E-05,0.220510324,0.156027273,0.02434451,1360,127,558.25,496.8155468,246825.6875,1308,75,506.25,496.8155468,VPN-Email
"('10.8.8.234', '37824', '173.194.67.16', '465', 'TLS')",11,2.798578024,848.2879447,3.930567562,0.899710894,0.000340939,0.279857802,0.253230983,0.064125931,892,83,215.8181818,252.6934248,63853.96694,840,31,163.8181818,252.6934248,VPN-Email
"('173.194.67.16', '465', '10.8.8.234', '37824', 'TLS')",9,2.628761053,513.1695018,3.423666061,0.858521938,0.14310503,0.328595132,0.256698662,0.065894203,288,101,149.8888889,53.73276353,2887.209877,236,49,97.88888889,53.73276353,VPN-Email
"('10.8.8.234', '37825', '173.194.67.16', '465', 'TLS')",10,2.924860001,783.2853537,3.418967061,0.659564018,0.143511057,0.324984445,0.20937521,0.043837979,893,83,229.1,261.6499379,68460.69,841,31,177.1,261.6499379,VPN-Email
"('173.194.67.16', '465', '10.8.8.234', '37825', 'TLS')",9,2.764474869,485.8065505,3.25559118,0.658716917,0.152972937,0.345559359,0.223160125,0.049800441,288,101,149.2222222,53.99954275,2915.950617,236,49,97.22222222,53.99954275,VPN-Email
"('10.8.8.234', '37826', '173.194.67.16', '465', 'TLS')",11,3.095180988,765.7064349,3.553911723,0.87274909,0.000470877,0.309518099,0.26201918,0.068654051,888,83,215.4545455,251.7211168,63363.52066,836,31,163.4545455,251.7211168,VPN-Email
"('173.194.67.16', '465', '10.8.8.234', '37826', 'TLS')",9,2.923547029,459.3734893,3.078452274,0.935067177,0.145476818,0.365443379,0.279029138,0.07785726,288,101,149.2222222,53.99954275,2915.950617,236,49,97.22222222,53.99954275,VPN-Email
"('10.8.8.234', '37827', '173.194.67.16', '465', 'TLS')",11,2.86995697,827.1901024,3.832810078,0.700082064,0.000360966,0.286995697,0.225673225,0.050928405,892,83,215.8181818,252.6934248,63853.96694,840,31,163.8181818,252.6934248,VPN-Email
"('173.194.67.16', '465', '10.8.8.234', '37827', 'TLS')",9,2.706204891,498.4840595,3.325690538,0.693488121,0.145770073,0.338275611,0.217189108,0.047171109,288,101,149.8888889,53.73276353,2887.209877,236,49,97.88888889,53.73276353,VPN-Email
"('10.8.8.234', '37828', '173.194.67.16', '465', 'TLS')",11,3.164583206,750.8097734,3.475971173,0.934777021,0.000173092,0.316458321,0.278469892,0.077545481,894,83,216,253.1801371,64100.18182,842,31,164,253.1801371,VPN-Email
"('173.194.67.16', '465', '10.8.8.234', '37828', 'TLS')",9,3.010367155,448.1180967,2.989668548,0.948228121,0.144216061,0.376295894,0.273858501,0.074998479,288,101,149.8888889,53.73276353,2887.209877,236,49,97.88888889,53.73276353,VPN-Email
"('10.8.8.234', '51056', '74.125.133.16', '993', 'TLS')",174,684.5251482,24.53963897,0.254190807,615.9081938,0.316963196,3.956792764,46.66090388,2177.239951,137,89,96.54022989,3.730287954,13.91504822,85,37,44.54022989,3.730287954,VPN-Email
"('74.125.133.16', '993', '10.8.8.234', '51056', 'TLS')",2352,684.60466,3677.601318,3.435559436,615.9081459,0,0.291197218,12.69957135,161.2791125,1360,69,1070.451956,459.5373832,211174.6065,1308,17,1018.451956,459.5373832,VPN-Email
"('10.8.8.234', '37829', '173.194.67.16', '465', 'TLS')",11,3.349797964,708.6994575,3.283780132,0.886276007,0.000355959,0.334979796,0.267582321,0.071600299,892,83,215.8181818,252.6934248,63853.96694,840,31,163.8181818,252.6934248,VPN-Email
"('173.194.67.16', '465', '10.8.8.234', '37829', 'TLS')",9,2.778474808,485.5181685,3.239187188,0.874497175,0.142405033,0.347309351,0.259214711,0.067192266,288,101,149.8888889,53.73276353,2887.209877,236,49,97.88888889,53.73276353,VPN-Email
"('10.8.8.234', '46572', '63.245.216.132', '443', 'TLS')",4,0.875656843,1472.037831,4.567999475,0.29450202,0.288323879,0.291885614,0.00260929,6.81E-06,589,93,322.25,184.8910152,34184.6875,549,53,282.25,184.8910152,VPN-Email
"('10.8.8.234', '46573', '63.245.216.132', '443', 'TLS')",3,5.765982866,121.4016788,0.520292909,5.487848997,0.278133869,2.882991433,2.604857564,6.785282929,382,93,233.3333333,118.1308126,13954.88889,342,53,193.3333333,118.1308126,VPN-Email
"('63.245.216.132', '443', '10.8.8.234', '46572', 'TLS')",4,0.585573912,3743.336164,6.830905408,0.296773195,0.000160933,0.195191304,0.137947266,0.019029448,1252,115,548,465.9232769,217084.5,1212,75,508,465.9232769,VPN-Email
"('63.245.216.132', '443', '10.8.8.234', '46573', 'TLS')",3,0.283044815,5324.245207,10.59902828,0.282625914,0.000418901,0.141522408,0.141103506,0.019910199,1252,115,502.3333333,530.1926275,281104.2222,1212,75,462.3333333,530.1926275,VPN-Email
"('10.8.8.234', '57001', '63.245.217.113', '443', 'TLS')",4,12.30939198,110.7284586,0.324955124,11.75393605,0.275050879,4.103130658,5.409936817,29.26741637,617,105,340.75,189.4180232,35879.1875,565,53,288.75,189.4180232,VPN-Email
"('10.8.8.234', '57002', '63.245.217.113', '443', 'TLS')",3,5.447829962,136.9352578,0.55067798,5.162550926,0.285279036,2.723914981,2.438635945,5.946945274,394,105,248.6666667,117.9896417,13921.55556,342,53,196.6666667,117.9896417,VPN-Email
"('63.245.217.113', '443', '10.8.8.234', '57001', 'TLS')",7,0.833551884,8016.297642,8.39779759,0.280328035,4.20E-05,0.138925314,0.138701106,0.019237997,1360,53,954.5714286,556.3575051,309533.6735,1308,1,902.5714286,556.3575051,VPN-Email
"('63.245.217.113', '443', '10.8.8.234', '57002', 'TLS')",4,0.287117004,10100.41187,13.93160258,0.287039995,2.79E-05,0.095705668,0.1352938,0.018304412,1360,53,725,635.5387478,403909.5,1308,1,673,635.5387478,VPN-Email
"('10.8.8.234', '51054', '74.125.133.16', '993', 'TLS')",6,270.7436769,2.049909369,0.022161182,269.3132119,0.320481062,54.14873538,107.5822527,11573.9411,100,89,92.5,4.11298756,16.91666667,48,37,40.5,4.11298756,VPN-Email
"('74.125.133.16', '993', '10.8.8.234', '51054', 'TLS')",9,270.7480919,4.23271681,0.033241231,269.314425,3.10E-05,33.84351149,88.99980129,7920.96463,277,89,127.3333333,64.71819253,4188.444444,225,37,75.33333333,64.71819253,VPN-Email
"('10.8.8.234', '37836', '173.194.67.16', '465', 'TLS')",11,2.629112005,902.9664751,4.183922168,0.832561016,0.000248909,0.262911201,0.235081699,0.055263405,892,83,215.8181818,252.6934248,63853.96694,840,31,163.8181818,252.6934248,VPN-Email
"('173.194.67.16', '465', '10.8.8.234', '37836', 'TLS')",9,2.470201969,541.251289,3.643426777,0.840061188,0.146605015,0.308775246,0.24201591,0.058571701,288,101,148.5555556,54.26910541,2945.135802,236,49,96.55555556,54.26910541,VPN-Email
"('10.8.8.234', '37837', '173.194.67.16', '465', 'TLS')",11,3.151423216,753.627754,3.490486439,0.952306032,0.000174046,0.315142322,0.284387385,0.080876185,893,83,215.9090909,252.9367347,63976.99174,841,31,163.9090909,252.9367347,VPN-Email
"('173.194.67.16', '465', '10.8.8.234', '37837', 'TLS')",9,2.988013983,451.4704442,3.012034098,0.930199146,0.143075943,0.373501748,0.282156922,0.079612529,288,101,149.8888889,53.73276353,2887.209877,236,49,97.88888889,53.73276353,VPN-Email
"('10.8.8.234', '37838', '173.194.67.16', '465', 'TLS')",11,3.139771938,756.4243667,3.503439172,0.899502993,0.000341177,0.313977194,0.294369766,0.086653559,893,83,215.9090909,252.9367347,63976.99174,841,31,163.9090909,252.9367347,VPN-Email
"('173.194.67.16', '465', '10.8.8.234', '37838', 'TLS')",9,2.981606007,448.416054,3.018507469,0.917117834,0.143906116,0.372700751,0.300516687,0.090310279,288,101,148.5555556,54.26910541,2945.135802,236,49,96.55555556,54.26910541,VPN-Email
"('10.8.8.234', '37839', '173.194.67.16', '465', 'TLS')",10,2.750429153,834.0516596,3.635796249,0.854138851,0.145059109,0.305603239,0.256305412,0.065692464,896,83,229.4,262.4115851,68859.84,844,31,177.4,262.4115851,VPN-Email
"('173.194.67.16', '465', '10.8.8.234', '37839', 'TLS')",9,2.602581024,518.3316052,3.458105595,0.872997999,0.144279003,0.325322628,0.265173876,0.070317185,288,101,149.8888889,53.73276353,2887.209877,236,49,97.88888889,53.73276353,VPN-Email
"('10.8.8.234', '56529', '74.125.71.16', '993', 'TLS')",236,228.5364861,101.1435871,1.032657866,8.261396885,0.000481844,0.972495686,1.697220854,2.880558626,592,83,97.94491525,35.98906872,1295.213067,540,31,45.94491525,35.98906872,VPN-Email
"('74.125.71.16', '993', '10.8.8.234', '56529', 'TLS')",284,227.7895501,133.3555468,1.246764831,8.252533913,1.88E-05,0.804910071,1.58796928,2.521646434,1360,82,106.9612676,94.31731306,8895.755542,1308,30,54.96126761,94.31731306,VPN-Email
"('10.8.8.234', '37841', '173.194.67.16', '465', 'TLS')",10,2.956091881,776.0245935,3.382844784,0.895232916,0.145813942,0.328454653,0.262196283,0.068746891,896,83,229.4,262.4115851,68859.84,844,31,177.4,262.4115851,VPN-Email
"('173.194.67.16', '465', '10.8.8.234', '37841', 'TLS')",9,2.807694912,480.4653078,3.205476479,0.918642998,0.149362087,0.350961864,0.274294229,0.075237324,288,101,149.8888889,53.73276353,2887.209877,236,49,97.88888889,53.73276353,VPN-Email
"('10.8.8.234', '37842', '173.194.67.16', '465', 'TLS')",11,3.07329011,772.1366729,3.579226044,0.918094873,0.000237942,0.307329011,0.289678424,0.083913589,891,83,215.7272727,252.4502078,63731.10744,839,31,163.7272727,252.4502078,VPN-Email
"('173.194.67.16', '465', '10.8.8.234', '37842', 'TLS')",9,2.910795927,461.3858318,3.091937815,0.889374018,0.142905951,0.363849491,0.256640727,0.065864463,288,101,149.2222222,53.99954275,2915.950617,236,49,97.22222222,53.99954275,VPN-Email
"('10.8.8.234', '37843', '173.194.67.16', '465', 'TLS')",10,2.98961401,767.3231368,3.344913413,0.883921862,0.148346901,0.332179334,0.264903355,0.070173787,896,83,229.4,262.4115851,68859.84,844,31,177.4,262.4115851,VPN-Email
"('173.194.67.16', '465', '10.8.8.234', '37843', 'TLS')",9,2.8358078,473.5863974,3.173698866,0.877331972,0.153604984,0.354475975,0.264942674,0.07019462,288,101,149.2222222,53.99954275,2915.950617,236,49,97.22222222,53.99954275,VPN-Email
"('10.8.8.234', '37844', '173.194.67.16', '465', 'TLS')",11,2.855499983,831.7282487,3.852215047,0.857016802,0.000442028,0.285549998,0.258697918,0.066924613,893,83,215.9090909,252.9367347,63976.99174,841,31,163.9090909,252.9367347,VPN-Email
"('173.194.67.16', '465', '10.8.8.234', '37844', 'TLS')",9,2.709719181,497.8375654,3.321377382,0.854218006,0.141894102,0.338714898,0.261142165,0.068195231,288,101,149.8888889,53.73276353,2887.209877,236,49,97.88888889,53.73276353,VPN-Email
"('10.8.8.234', '37845', '173.194.67.16', '465', 'TLS')",11,2.96303606,801.5427257,3.712408414,0.863274813,0.000338078,0.296303606,0.255917758,0.065493899,893,83,215.9090909,252.9367347,63976.99174,841,31,163.9090909,252.9367347,VPN-Email
"('173.194.67.16', '465', '10.8.8.234', '37845', 'TLS')",9,2.809969902,477.9410623,3.202881281,0.886907101,0.143147945,0.351246238,0.266394422,0.070965988,288,101,149.2222222,53.99954275,2915.950617,236,49,97.22222222,53.99954275,VPN-Email
"('10.8.8.234', '37846', '173.194.67.16', '465', 'TLS')",11,2.966547966,800.5938307,3.708013532,0.883224964,0.000420094,0.296654797,0.259206044,0.067187773,893,83,215.9090909,252.9367347,63976.99174,841,31,163.9090909,252.9367347,VPN-Email
"('173.194.67.16', '465', '10.8.8.234', '37846', 'TLS')",9,2.808799982,478.1401341,3.204215344,0.887121916,0.151507854,0.351099998,0.259190401,0.067179664,288,101,149.2222222,53.99954275,2915.950617,236,49,97.22222222,53.99954275,VPN-Email
"('10.8.8.234', '37847', '173.194.67.16', '465', 'TLS')",11,3.060936928,775.9062196,3.593670912,1.004869938,0.000904083,0.306093693,0.295789452,0.0874914,893,83,215.9090909,252.9367347,63976.99174,841,31,163.9090909,252.9367347,VPN-Email
"('173.194.67.16', '465', '10.8.8.234', '37847', 'TLS')",9,2.914427996,460.8108356,3.088084528,0.992630959,0.148229122,0.364303499,0.295127777,0.087100405,288,101,149.2222222,53.99954275,2915.950617,236,49,97.22222222,53.99954275,VPN-Email
"('10.8.8.234', '37848', '173.194.67.16', '465', 'TLS')",11,2.863402128,829.4329241,3.841584069,0.835465193,0.000303984,0.286340213,0.246877684,0.060948591,893,83,215.9090909,252.9367347,63976.99174,841,31,163.9090909,252.9367347,VPN-Email
"('173.194.67.16', '465', '10.8.8.234', '37848', 'TLS')",9,2.715903997,494.4946512,3.313813746,0.848206043,0.142847061,0.339488,0.255434369,0.065246717,288,101,149.2222222,53.99954275,2915.950617,236,49,97.22222222,53.99954275,VPN-Email
"('10.8.8.234', '37849', '173.194.67.16', '465', 'TLS')",11,2.958028078,802.2236224,3.718693572,0.95166111,0.000288963,0.295802808,0.276770352,0.076601828,891,83,215.7272727,252.4502078,63731.10744,839,31,163.7272727,252.4502078,VPN-Email
"('173.194.67.16', '465', '10.8.8.234', '37849', 'TLS')",9,2.804999113,478.7880302,3.208557164,0.912763834,0.146814108,0.350624889,0.265474896,0.070476921,288,101,149.2222222,53.99954275,2915.950617,236,49,97.22222222,53.99954275,VPN-Email
"('10.8.8.234', '37850', '173.194.67.16', '465', 'TLS')",10,2.959366083,775.1660104,3.379102051,0.994407177,0.143669128,0.328818454,0.282928049,0.080048281,896,83,229.4,262.4115851,68859.84,844,31,177.4,262.4115851,VPN-Email
"('173.194.67.16', '465', '10.8.8.234', '37850', 'TLS')",9,2.815514803,476.9998007,3.196573497,0.987361908,0.145007133,0.35193935,0.289279894,0.083682857,288,101,149.2222222,53.99954275,2915.950617,236,49,97.22222222,53.99954275,VPN-Email
"('10.8.8.234', '37851', '173.194.67.16', '465', 'TLS')",10,2.909812927,788.3668323,3.436647046,0.889812946,0.14233613,0.323312547,0.26019096,0.067699336,896,83,229.4,262.4115851,68859.84,844,31,177.4,262.4115851,VPN-Email
"('173.194.67.16', '465', '10.8.8.234', '37851', 'TLS')",9,2.758434057,486.8704389,3.262720737,0.896178007,0.144762039,0.344804257,0.26641478,0.070976835,288,101,149.2222222,53.99954275,2915.950617,236,49,97.22222222,53.99954275,VPN-Email
"('10.8.8.234', '37852', '173.194.67.16', '465', 'TLS')",11,2.946214914,806.1190609,3.733604072,0.900822878,3.60E-05,0.294621491,0.267560588,0.071588668,893,83,215.9090909,252.9367347,63976.99174,841,31,163.9090909,252.9367347,VPN-Email
"('173.194.67.16', '465', '10.8.8.234', '37852', 'TLS')",9,2.789867163,481.3849268,3.225960046,0.935842991,0.142985106,0.348733395,0.27850117,0.077562902,288,101,149.2222222,53.99954275,2915.950617,236,49,97.22222222,53.99954275,VPN-Email
"('10.8.8.234', '37853', '173.194.67.16', '465', 'TLS')",11,2.637881041,900.3438606,4.17001367,0.639249086,0.00069499,0.263788104,0.211439486,0.044706656,893,83,215.9090909,252.9367347,63976.99174,841,31,163.9090909,252.9367347,VPN-Email
"('173.194.67.16', '465', '10.8.8.234', '37853', 'TLS')",9,2.481935024,538.6925874,3.626202907,0.643378973,0.14102006,0.310241878,0.213260677,0.045480116,288,101,148.5555556,54.26910541,2945.135802,236,49,96.55555556,54.26910541,VPN-Email
"('10.8.8.234', '37854', '173.194.67.16', '465', 'TLS')",10,2.810291052,816.6413932,3.558350297,0.813930988,0.144380093,0.312254561,0.236781061,0.056065271,897,83,229.5,262.665662,68993.25,845,31,177.5,262.665662,VPN-Email
"('173.194.67.16', '465', '10.8.8.234', '37854', 'TLS')",9,2.661575079,504.5884336,3.381456368,0.816538095,0.142247915,0.332696885,0.244240131,0.059653242,288,101,149.2222222,53.99954275,2915.950617,236,49,97.22222222,53.99954275,VPN-Email
"('10.8.8.234', '37855', '173.194.67.16', '465', 'TLS')",10,2.887248993,794.5279419,3.463504542,0.846140146,0.143863916,0.320805444,0.255869168,0.065469031,896,83,229.4,262.4115851,68859.84,844,31,177.4,262.4115851,VPN-Email
"('173.194.67.16', '465', '10.8.8.234', '37855', 'TLS')",9,2.742074013,491.9633802,3.282187118,0.85797286,0.142656088,0.342759252,0.264729787,0.07008186,288,101,149.8888889,53.73276353,2887.209877,236,49,97.88888889,53.73276353,VPN-Email
"('10.8.8.234', '56545', '74.125.71.16', '993', 'TLS')",154,135.150532,116.3295458,1.139470172,6.928668976,0.000948191,0.883336811,1.49573939,2.237236322,579,83,102.0909091,55.97452617,3133.14758,527,31,50.09090909,55.97452617,VPN-Email
"('74.125.71.16', '993', '10.8.8.234', '56545', 'TLS')",186,135.31126,148.5390056,1.37460844,6.942461014,1.81E-05,0.731412216,1.380167162,1.904861395,687,83,108.0591398,62.32357247,3884.227685,635,31,56.05913978,62.32357247,VPN-Email
"('10.8.8.234', '37857', '173.194.67.16', '465', 'TLS')",11,3.103354931,765.3007964,3.544551057,0.961307049,0.00027895,0.310335493,0.292894942,0.085787447,893,83,215.9090909,252.9367347,63976.99174,841,31,163.9090909,252.9367347,VPN-Email
"('173.194.67.16', '465', '10.8.8.234', '37857', 'TLS')",9,2.941972971,456.4963762,3.059171545,0.961001158,0.14607501,0.367746621,0.293959482,0.086412177,288,101,149.2222222,53.99954275,2915.950617,236,49,97.22222222,53.99954275,VPN-Email
"('10.8.8.234', '37858', '173.194.67.16', '465', 'TLS')",11,2.841846943,835.7241075,3.870722182,0.723773956,0.000279903,0.284184694,0.235667473,0.055539158,893,83,215.9090909,252.9367347,63976.99174,841,31,163.9090909,252.9367347,VPN-Email
"('173.194.67.16', '465', '10.8.8.234', '37858', 'TLS')",9,2.68280983,502.8310188,3.354691749,0.721751928,0.141180038,0.335351229,0.229984975,0.052893089,288,101,149.8888889,53.73276353,2887.209877,236,49,97.88888889,53.73276353,VPN-Email
"('10.8.8.234', '37859', '173.194.67.16', '465', 'TLS')",10,2.962284088,774.4024313,3.375773458,0.860074043,0.145975113,0.329142676,0.259916882,0.067556786,896,83,229.4,262.4115851,68859.84,844,31,177.4,262.4115851,VPN-Email
"('173.194.67.16', '465', '10.8.8.234', '37859', 'TLS')",9,2.81174612,479.7730457,3.200857977,0.900822878,0.14668417,0.351468265,0.272443072,0.074225228,288,101,149.8888889,53.73276353,2887.209877,236,49,97.88888889,53.73276353,VPN-Email
"('10.8.8.234', '37860', '173.194.67.16', '465', 'TLS')",11,3.035484076,781.7534011,3.623804219,0.998138905,0.000432968,0.303548408,0.292210352,0.08538689,891,83,215.7272727,252.4502078,63731.10744,839,31,163.7272727,252.4502078,VPN-Email
"('173.194.67.16', '465', '10.8.8.234', '37860', 'TLS')",9,2.885237932,465.4728766,3.119326798,0.993669987,0.144886017,0.360654742,0.295992594,0.087611615,288,101,149.2222222,53.99954275,2915.950617,236,49,97.22222222,53.99954275,VPN-Email
"('10.8.8.234', '37861', '173.194.67.16', '465', 'TLS')",11,2.849207878,833.5650123,3.860722162,0.838385105,0.000334978,0.284920788,0.249720017,0.062360087,893,83,215.9090909,252.9367347,63976.99174,841,31,163.9090909,252.9367347,VPN-Email
"('173.194.67.16', '465', '10.8.8.234', '37861', 'TLS')",9,2.687902212,501.8783771,3.348336096,0.84418416,0.142333031,0.335987777,0.257952285,0.066539382,288,101,149.8888889,53.73276353,2887.209877,236,49,97.88888889,53.73276353,VPN-Email
"('10.8.8.234', '37862', '173.194.67.16', '465', 'TLS')",11,2.890130043,821.7623306,3.80605711,0.912988901,0.000218153,0.289013004,0.269242565,0.072491559,893,83,215.9090909,252.9367347,63976.99174,841,31,163.9090909,252.9367347,VPN-Email
"('173.194.67.16', '465', '10.8.8.234', '37862', 'TLS')",9,2.734845877,491.0697204,3.290861864,0.908182144,0.142735958,0.341855735,0.272423462,0.074214543,288,101,149.2222222,53.99954275,2915.950617,236,49,97.22222222,53.99954275,VPN-Email
"('10.8.8.234', '37863', '173.194.67.16', '465', 'TLS')",11,2.898985147,819.2522139,3.794431306,0.909062147,0.000414848,0.289898515,0.263644301,0.069508317,893,83,215.9090909,252.9367347,63976.99174,841,31,163.9090909,252.9367347,VPN-Email
"('173.194.67.16', '465', '10.8.8.234', '37863', 'TLS')",9,2.740558863,487.8566989,3.284001713,0.915392876,0.145023823,0.342569858,0.270017895,0.072909664,288,101,148.5555556,54.26910541,2945.135802,236,49,96.55555556,54.26910541,VPN-Email
"('10.8.8.234', '37864', '173.194.67.16', '465', 'TLS')",11,2.931683779,810.1146574,3.752109992,0.835165977,0.000319004,0.293168378,0.250055546,0.062527776,893,83,215.9090909,252.9367347,63976.99174,841,31,163.9090909,252.9367347,VPN-Email
"('173.194.67.16', '465', '10.8.8.234', '37864', 'TLS')",9,2.77245903,484.4075189,3.246215689,0.853581905,0.142216921,0.346557379,0.257770592,0.066445678,288,101,149.2222222,53.99954275,2915.950617,236,49,97.22222222,53.99954275,VPN-Email
"('10.8.8.234', '37865', '173.194.67.16', '465', 'TLS')",11,3.166491032,750.0416001,3.473876885,1.029839039,0.000370979,0.316649103,0.307196248,0.094369535,893,83,215.9090909,252.9367347,63976.99174,841,31,163.9090909,252.9367347,VPN-Email
"('173.194.67.16', '465', '10.8.8.234', '37865', 'TLS')",9,3.009514093,446.2514407,2.990515984,1.02519393,0.142596006,0.376189262,0.317818135,0.101008367,288,101,149.2222222,53.99954275,2915.950617,236,49,97.22222222,53.99954275,VPN-Email
"('10.8.8.234', '56872', '64.233.184.16', '993', 'TLS')",38,24.76379704,185.5531279,1.53449812,7.036086082,0.000319958,0.669291812,1.31573334,1.731154223,592,83,120.9210526,84.79460682,7190.125346,540,31,68.92105263,84.79460682,VPN-Email
"('64.233.184.16', '993', '10.8.8.234', '56872', 'TLS')",45,24.53512692,315.0584883,1.834105042,7.06020999,1.91E-05,0.557616521,1.235596061,1.526697627,1360,84,171.7777778,224.9566762,50605.50617,1308,32,119.7777778,224.9566762,VPN-Email
"('10.8.8.234', '37867', '173.194.67.16', '465', 'TLS')",11,2.83377409,838.1049176,3.881749092,0.833436966,0.000216007,0.283377409,0.251278294,0.063140781,893,83,215.9090909,252.9367347,63976.99174,841,31,163.9090909,252.9367347,VPN-Email
"('173.194.67.16', '465', '10.8.8.234', '37867', 'TLS')",9,2.680454969,503.272771,3.357638947,0.834466934,0.144441843,0.335056871,0.250848328,0.062924884,288,101,149.8888889,53.73276353,2887.209877,236,49,97.88888889,53.73276353,VPN-Email
"('10.8.8.234', '37868', '173.194.67.16', '465', 'TLS')",11,2.922681093,812.61004,3.763667554,0.909046888,0.002398014,0.292268109,0.264451797,0.069934753,893,83,215.9090909,252.9367347,63976.99174,841,31,163.9090909,252.9367347,VPN-Email
"('173.194.67.16', '465', '10.8.8.234', '37868', 'TLS')",9,2.769255877,484.9678252,3.249970534,0.894199848,0.146667957,0.346156985,0.263299628,0.069326694,288,101,149.2222222,53.99954275,2915.950617,236,49,97.22222222,53.99954275,VPN-Email
"('10.8.8.234', '56875', '64.233.184.16', '993', 'TLS')",70,53.23185396,147.2238785,1.315002105,5.357787848,0.000926971,0.771476144,1.250110561,1.562776416,591,83,111.9571429,82.61380648,6825.04102,539,31,59.95714286,82.61380648,VPN-Email
"('64.233.184.16', '993', '10.8.8.234', '56875', 'TLS')",78,53.40328097,161.900165,1.460584417,5.200248003,3.00E-05,0.693549104,1.179961701,1.392309616,314,85,110.8461538,48.09447885,2313.078895,262,33,58.84615385,48.09447885,VPN-Email
"('10.8.8.234', '37870', '173.194.67.16', '465', 'TLS')",10,3.093137026,741.6418933,3.232963789,1.042272091,0.143787146,0.343681892,0.293265643,0.086004737,896,83,229.4,262.4115851,68859.84,844,31,177.4,262.4115851,VPN-Email
"('173.194.67.16', '465', '10.8.8.234', '37870', 'TLS')",9,2.946254969,455.8329182,3.054725438,0.968954086,0.143778086,0.368281871,0.279003203,0.077842788,288,101,149.2222222,53.99954275,2915.950617,236,49,97.22222222,53.99954275,VPN-Email
"('10.8.8.234', '37871', '173.194.67.16', '465', 'TLS')",10,3.142633915,729.9609379,3.182044193,1.048277855,0.144972801,0.349181546,0.300060327,0.0900362,896,83,229.4,262.4115851,68859.84,844,31,177.4,262.4115851,VPN-Email
"('173.194.67.16', '465', '10.8.8.234', '37871', 'TLS')",9,2.96795392,454.5218815,3.032392093,1.040982962,0.145523071,0.37099424,0.313901421,0.098534102,288,101,149.8888889,53.73276353,2887.209877,236,49,97.88888889,53.73276353,VPN-Email
"('10.8.8.234', '37872', '173.194.67.16', '465', 'TLS')",11,2.924088001,812.2190574,3.761856687,0.882951975,0.000360966,0.2924088,0.259769665,0.067480279,893,83,215.9090909,252.9367347,63976.99174,841,31,163.9090909,252.9367347,VPN-Email
"('173.194.67.16', '465', '10.8.8.234', '37872', 'TLS')",9,2.778607845,487.654277,3.239032098,0.863644123,0.145180941,0.347325981,0.254840615,0.064943739,288,101,150.5555556,53.46880941,2858.91358,236,49,98.55555556,53.46880941,VPN-Email
"('10.8.8.234', '37873', '173.194.67.16', '465', 'TLS')",10,2.796055079,820.4416349,3.576467458,0.822380066,0.144922972,0.310672787,0.240207029,0.057699417,896,83,229.4,262.4115851,68859.84,844,31,177.4,262.4115851,VPN-Email
"('173.194.67.16', '465', '10.8.8.234', '37873', 'TLS')",9,2.629486084,515.3098198,3.42272205,0.828627825,0.141507149,0.32868576,0.247901224,0.061455017,288,101,150.5555556,53.46880941,2858.91358,236,49,98.55555556,53.46880941,VPN-Email
"('10.8.8.234', '56880', '64.233.184.16', '993', 'TLS')",97,91.10730886,113.7120625,1.064678577,7.232676029,0.0006392,0.949034467,1.605038202,2.576147631,579,83,106.8041237,70.23607308,4933.105962,527,31,54.80412371,70.23607308,VPN-Email
"('64.233.184.16', '993', '10.8.8.234', '56880', 'TLS')",117,91.27496505,135.3383153,1.281841082,7.258489847,1.98E-05,0.786853147,1.492650822,2.228006475,313,82,105.5811966,41.19107847,1696.704946,261,30,53.58119658,41.19107847,VPN-Email
"('10.8.8.234', '37875', '173.194.67.16', '465', 'TLS')",10,3.064789057,748.501759,3.262867302,0.96796608,0.148993969,0.340532117,0.284781955,0.081100762,896,83,229.4,262.4115851,68859.84,844,31,177.4,262.4115851,VPN-Email
"('173.194.67.16', '465', '10.8.8.234', '37875', 'TLS')",9,2.907263041,461.9465048,3.095695118,0.968335152,0.145367861,0.36340788,0.292895652,0.085787863,288,101,149.2222222,53.99954275,2915.950617,236,49,97.22222222,53.99954275,VPN-Email
"('10.8.8.234', '37876', '173.194.67.16', '465', 'TLS')",10,2.647138834,866.5960283,3.777663593,0.661391973,0.14643693,0.294126537,0.205254172,0.042129275,896,83,229.4,262.4115851,68859.84,844,31,177.4,262.4115851,VPN-Email
"('173.194.67.16', '465', '10.8.8.234', '37876', 'TLS')",9,2.491909027,541.3520258,3.611688831,0.661976099,0.145149946,0.311488628,0.21463962,0.046070167,288,101,149.8888889,53.73276353,2887.209877,236,49,97.88888889,53.73276353,VPN-Email
"('10.8.8.234', '37877', '173.194.67.16', '465', 'TLS')",10,2.957226038,775.726972,3.381547393,0.93552804,0.144207001,0.328580671,0.272731848,0.074382661,896,83,229.4,262.4115851,68859.84,844,31,177.4,262.4115851,VPN-Email
"('173.194.67.16', '465', '10.8.8.234', '37877', 'TLS')",9,2.810238838,477.895324,3.20257477,0.935664892,0.141510963,0.351279855,0.277985529,0.077275955,288,101,149.2222222,53.99954275,2915.950617,236,49,97.22222222,53.99954275,VPN-Email
"('10.8.8.234', '37878', '173.194.67.16', '465', 'TLS')",10,2.861965895,801.5469382,3.494101736,0.82151413,0.141903877,0.317996211,0.239911344,0.057557453,896,83,229.4,262.4115851,68859.84,844,31,177.4,262.4115851,VPN-Email
"('173.194.67.16', '465', '10.8.8.234', '37878', 'TLS')",9,2.707339048,498.2752348,3.324297341,0.825273037,0.141387939,0.338417381,0.24784987,0.061429558,288,101,149.8888889,53.73276353,2887.209877,236,49,97.88888889,53.73276353,VPN-Email
"('10.8.8.234', '37879', '173.194.67.16', '465', 'TLS')",11,2.953678131,804.0821967,3.724170174,0.878923893,0.004859209,0.295367813,0.261106204,0.06817645,893,83,215.9090909,252.9367347,63976.99174,841,31,163.9090909,252.9367347,VPN-Email
"('173.194.67.16', '465', '10.8.8.234', '37879', 'TLS')",9,2.79372716,482.8674824,3.221502848,0.889671087,0.149090052,0.349215895,0.266656046,0.071105447,288,101,149.8888889,53.73276353,2887.209877,236,49,97.88888889,53.73276353,VPN-Email
"('10.8.8.234', '37880', '173.194.67.16', '465', 'TLS')",10,2.916405916,786.5846065,3.428877971,0.91679287,0.143306017,0.324045102,0.263198693,0.069273552,896,83,229.4,262.4115851,68859.84,844,31,177.4,262.4115851,VPN-Email
"('173.194.67.16', '465', '10.8.8.234', '37880', 'TLS')",9,2.753848076,485.5024544,3.268154144,0.921491861,0.14320302,0.344231009,0.274427635,0.075310527,288,101,148.5555556,54.26910541,2945.135802,236,49,96.55555556,54.26910541,VPN-Email
"('10.8.8.234', '56887', '64.233.184.16', '993', 'TLS')",47,31.38419986,181.683778,1.497568847,6.95206213,0.001765966,0.682265214,1.319617956,1.741391548,580,83,121.3191489,98.11675771,9626.898144,528,31,69.31914894,98.11675771,VPN-Email
"('64.233.184.16', '993', '10.8.8.234', '56887', 'TLS')",57,31.55063295,254.2262785,1.806619857,7.07840395,4.10E-05,0.56340416,1.205749951,1.453832945,701,84,140.7192982,120.1504546,14436.13173,649,32,88.71929825,120.1504546,VPN-Email
"('10.8.8.234', '37882', '173.194.67.16', '465', 'TLS')",11,3.131163836,758.5039061,3.513070723,1.107517004,0.000397921,0.313116384,0.315718571,0.099678216,893,83,215.9090909,252.9367347,63976.99174,841,31,163.9090909,252.9367347,VPN-Email
"('173.194.67.16', '465', '10.8.8.234', '37882', 'TLS')",9,2.982846022,450.2411423,3.017252629,1.102008104,0.141680956,0.372855753,0.322197965,0.103811528,288,101,149.2222222,53.99954275,2915.950617,236,49,97.22222222,53.99954275,VPN-Email
"('10.8.8.234', '37883', '173.194.67.16', '465', 'TLS')",11,2.933423042,809.6343302,3.749885319,0.843329191,0.000152826,0.293342304,0.254906134,0.064977137,893,83,215.9090909,252.9367347,63976.99174,841,31,163.9090909,252.9367347,VPN-Email
"('173.194.67.16', '465', '10.8.8.234', '37883', 'TLS')",9,2.770857811,486.852842,3.248091607,0.873125076,0.142680883,0.346357226,0.261905074,0.068594268,288,101,149.8888889,53.73276353,2887.209877,236,49,97.88888889,53.73276353,VPN-Email
"('10.8.8.234', '56890', '64.233.184.16', '993', 'TLS')",12,3.251963139,547.976691,3.690078727,0.642488003,0.141597986,0.295633013,0.132548011,0.017568975,569,94,148.5,127.4091179,16233.08333,517,42,96.5,127.4091179,VPN-Email
"('64.233.184.16', '993', '10.8.8.234', '56890', 'TLS')",12,3.424761057,602.0857998,3.503894082,0.641993046,0.174668074,0.311341914,0.123034172,0.015137407,313,85,171.8333333,79.98628355,6397.805556,261,33,119.8333333,79.98628355,VPN-Email
"('10.8.8.110', '37386', '64.233.184.16', '465', 'TLS')",11,2.899000168,574.3359447,3.794411646,1.23487401,0.000648022,0.289900017,0.328915552,0.10818544,443,83,151.3636364,102.416505,10489.1405,391,31,99.36363636,102.416505,VPN-Email
"('64.233.184.16', '465', '10.8.8.110', '37386', 'TLS')",11,2.686796188,1399.064066,4.094095431,1.220432997,0.000120163,0.268679619,0.332256304,0.110394251,1360,101,341.7272727,396.4836557,157199.2893,1308,49,289.7272727,396.4836557,VPN-Email
"('10.8.8.110', '37388', '64.233.184.16', '465', 'TLS')",11,2.276767969,847.6928814,4.831410205,0.759215117,0.000434875,0.227676797,0.191294495,0.036593584,569,83,175.4545455,159.8745893,25559.8843,517,31,123.4545455,159.8745893,VPN-Email
"('64.233.184.16', '465', '10.8.8.110', '37388', 'TLS')",9,2.090540886,643.3741665,4.305105947,0.770679951,0.136086941,0.261317611,0.200603683,0.040241837,290,101,149.4444444,54.57128083,2978.024691,238,49,97.44444444,54.57128083,VPN-Email
"('10.8.8.110', '37389', '64.233.184.16', '465', 'TLS')",11,2.129117012,910.7061702,5.166460997,0.71785593,0.000448942,0.212911701,0.18316006,0.033547608,569,83,176.2727273,161.2841033,26012.56198,517,31,124.2727273,161.2841033,VPN-Email
"('64.233.184.16', '465', '10.8.8.110', '37389', 'TLS')",9,1.962432146,685.3740154,4.586145828,0.730447054,0.132527113,0.245304018,0.191108384,0.036522414,290,101,149.4444444,54.57128083,2978.024691,238,49,97.44444444,54.57128083,VPN-Email
"('10.8.8.110', '46949', '63.245.216.134', '443', 'TLS')",4,0.94533205,1423.838322,4.231317449,0.37025094,0.270117044,0.315110683,0.041504334,0.00172261,637,93,336.5,201.3510616,40542.25,597,53,296.5,201.3510616,VPN-Email
"('10.8.8.110', '46950', '63.245.216.134', '443', 'TLS')",3,5.753700018,123.2250548,0.521403617,5.486696959,0.267003059,2.876850009,2.60984695,6.8113011,382,93,236.3333333,117.9952918,13922.88889,342,53,196.3333333,117.9952918,VPN-Email
"('63.245.216.134', '443', '10.8.8.110', '46949', 'TLS')",5,0.67564702,3421.905123,7.400313847,0.403331995,5.91E-05,0.168911755,0.175062242,0.030646789,1252,109,462.4,421.794073,177910.24,1212,69,422.4,421.794073,VPN-Email
"('63.245.216.134', '443', '10.8.8.110', '46950', 'TLS')",3,0.27185607,6231.238474,11.03525113,0.271755934,0.000100136,0.135928035,0.135827899,0.018449218,1252,115,564.6666667,493.6640783,243704.2222,1212,75,524.6666667,493.6640783,VPN-Email
"('10.8.8.110', '45061', '63.245.217.162', '443', 'TLS')",5,12.39868212,179.293249,0.403268666,11.5190661,0.265571117,3.099670529,4.860989196,23.62921596,745,105,444.6,255.6877784,65376.24,693,53,392.6,255.6877784,VPN-Email
"('10.8.8.110', '45062', '63.245.217.162', '443', 'TLS')",4,12.14269614,123.0369254,0.329416132,11.46724892,0.268053055,4.047565381,5.246816928,27.52908788,745,105,373.5,237.5799865,56444.25,693,53,321.5,237.5799865,VPN-Email
"('63.245.217.162', '443', '10.8.8.110', '45061', 'TLS')",5,0.908216953,3102.782865,5.505292521,0.326819897,0.000152111,0.227054238,0.131848464,0.017384017,1360,127,563.6,444.4941394,197575.04,1308,75,511.6,444.4941394,VPN-Email
"('63.245.217.162', '443', '10.8.8.110', '45062', 'TLS')",4,0.685456038,3257.685217,5.835531064,0.406958103,9.39E-05,0.228485346,0.169810711,0.028835678,1360,127,558.25,496.8155468,246825.6875,1308,75,506.25,496.8155468,VPN-Email
"('10.8.8.110', '37396', '64.233.184.16', '465', 'TLS')",10,2.170809984,854.5197477,4.606575459,0.692975998,0.131196022,0.241201109,0.168153775,0.028275692,569,83,185.5,166.36481,27677.25,517,31,133.5,166.36481,VPN-Email
"('64.233.184.16', '465', '10.8.8.110', '37396', 'TLS')",9,1.974323988,684.2848531,4.558522337,0.69265008,0.132868052,0.246790498,0.175691866,0.030867632,290,101,150.1111111,54.30458226,2948.987654,238,49,98.11111111,54.30458226,VPN-Email
"('10.8.8.110', '37397', '64.233.184.16', '465', 'TLS')",10,2.298905849,808.210567,4.349895409,0.721112013,0.13061285,0.255433983,0.177554387,0.03152556,569,83,185.8,166.8561057,27840.96,517,31,133.8,166.8561057,VPN-Email
"('64.233.184.16', '465', '10.8.8.110', '37397', 'TLS')",9,2.114450932,638.9365579,4.256424146,0.729224205,0.135345936,0.264306366,0.191443282,0.03665053,290,101,150.1111111,54.30458226,2948.987654,238,49,98.11111111,54.30458226,VPN-Email
"('10.8.8.110', '39035', '63.245.216.132', '443', 'TLS')",4,0.810369968,1590.631502,4.936017074,0.280320168,0.263852835,0.270123323,0.007273489,5.29E-05,589,93,322.25,184.8910152,34184.6875,549,53,282.25,184.8910152,VPN-Email
"('10.8.8.110', '39036', '63.245.216.132', '443', 'TLS')",3,5.747678995,121.7882906,0.521949817,5.478645086,0.269033909,2.873839498,2.604805589,6.785012155,382,93,233.3333333,118.1308126,13954.88889,342,53,193.3333333,118.1308126,VPN-Email
"('63.245.216.132', '443', '10.8.8.110', '39035', 'TLS')",4,0.546540022,4010.685242,7.31876869,0.2757411,0.000216007,0.182180007,0.128685209,0.016559883,1252,115,548,465.9232769,217084.5,1212,75,508,465.9232769,VPN-Email
"('63.245.216.132', '443', '10.8.8.110', '39036', 'TLS')",3,0.270916939,5562.590537,11.07350472,0.270740986,0.000175953,0.135458469,0.135282516,0.018301359,1252,115,502.3333333,530.1926275,281104.2222,1212,75,462.3333333,530.1926275,VPN-Email
"('10.8.8.110', '54950', '63.245.217.114', '443', 'TLS')",4,12.14048696,112.2689728,0.329476076,11.60270596,0.266988993,4.046828985,5.342812069,28.54564081,617,105,340.75,189.4180232,35879.1875,565,53,288.75,189.4180232,VPN-Email
"('10.8.8.110', '54951', '63.245.217.114', '443', 'TLS')",3,5.533349991,134.8188713,0.542167043,5.263343096,0.270006895,2.766674995,2.4966681,6.233351603,394,105,248.6666667,117.9896417,13921.55556,342,53,196.6666667,117.9896417,VPN-Email
"('63.245.217.114', '443', '10.8.8.110', '54950', 'TLS')",7,0.813349962,8215.405803,8.606381416,0.274194002,4.29E-05,0.135558327,0.13532007,0.018311521,1360,53,954.5714286,556.3575051,309533.6735,1308,1,902.5714286,556.3575051,VPN-Email
"('63.245.217.114', '443', '10.8.8.110', '54951', 'TLS')",4,0.275026083,10544.45443,14.54407508,0.274892092,4.20E-05,0.091675361,0.129553794,0.016784186,1360,53,725,635.5387478,403909.5,1308,1,673,635.5387478,VPN-Email
"('10.8.8.110', '37404', '64.233.184.16', '465', 'TLS')",10,2.138968945,869.5778425,4.675149691,0.695881128,0.132459879,0.237663216,0.168649218,0.028442559,569,83,186,167.1855257,27951,517,31,134,167.1855257,VPN-Email
"('64.233.184.16', '465', '10.8.8.110', '37404', 'TLS')",9,1.966109037,687.1439856,4.577569112,0.696689129,0.132750034,0.24576363,0.176975037,0.031320164,290,101,150.1111111,54.30458226,2948.987654,238,49,98.11111111,54.30458226,VPN-Email
"('10.8.8.110', '37405', '64.233.184.16', '465', 'TLS')",11,2.234444857,863.3016806,4.92292301,0.718032837,0.00033021,0.223444486,0.184901134,0.034188429,569,83,175.3636364,159.719796,25510.41322,517,31,123.3636364,159.719796,VPN-Email
"('64.233.184.16', '465', '10.8.8.110', '37405', 'TLS')",9,2.038221836,662.8326594,4.415613571,0.712409019,0.131554127,0.25477773,0.186618555,0.034826485,290,101,150.1111111,54.30458226,2948.987654,238,49,98.11111111,54.30458226,VPN-Email
"('10.8.8.110', '37406', '64.233.184.16', '465', 'TLS')",10,2.158265114,864.1199768,4.633351082,0.717707157,0.133778095,0.239807235,0.176908319,0.031296553,569,83,186.5,168.0156243,28229.25,517,31,134.5,168.0156243,VPN-Email
"('64.233.184.16', '465', '10.8.8.110', '37406', 'TLS')",9,1.986196041,680.1946898,4.531274765,0.714688063,0.131613016,0.248274505,0.18454372,0.034056384,290,101,150.1111111,54.30458226,2948.987654,238,49,98.11111111,54.30458226,VPN-Email
"('10.8.8.110', '37407', '64.233.184.16', '465', 'TLS')",11,2.113281012,925.101768,5.205176188,0.708709955,0.000283003,0.211328101,0.18364872,0.033726852,569,83,177.7272727,163.8608561,26850.38017,517,31,125.7272727,163.8608561,VPN-Email
"('64.233.184.16', '465', '10.8.8.110', '37407', 'TLS')",9,1.927607059,697.7563157,4.669001369,0.704226017,0.133602858,0.240950882,0.186754224,0.03487714,290,101,149.4444444,54.57128083,2978.024691,238,49,97.44444444,54.57128083,VPN-Email
"('10.8.8.110', '37408', '64.233.184.16', '465', 'TLS')",11,2.339956999,864.5458019,4.700941088,0.838500023,0.000463009,0.2339957,0.214437012,0.045983232,569,83,183.9090909,175.7360906,30883.17355,517,31,131.9090909,175.7360906,VPN-Email
"('64.233.184.16', '465', '10.8.8.110', '37408', 'TLS')",9,2.13134408,633.8723122,4.222687498,0.849483967,0.131259918,0.26641801,0.226278475,0.051201948,290,101,150.1111111,54.30458226,2948.987654,238,49,98.11111111,54.30458226,VPN-Email
"('10.8.8.110', '37409', '64.233.184.16', '465', 'TLS')",11,2.243561983,862.0220946,4.902917808,0.797657013,0.000247002,0.224356198,0.208535323,0.043486981,569,83,175.8181818,160.4974189,25759.42149,517,31,123.8181818,160.4974189,VPN-Email
"('64.233.184.16', '465', '10.8.8.110', '37409', 'TLS')",9,2.072552204,648.9583217,4.342472041,0.815058947,0.131720066,0.259069026,0.216661093,0.046942029,290,101,149.4444444,54.57128083,2978.024691,238,49,97.44444444,54.57128083,VPN-Email
"('10.8.8.110', '37410', '64.233.184.16', '465', 'TLS')",10,2.187278032,849.4576238,4.571892486,0.760668993,0.132494926,0.243030892,0.191021453,0.036489196,569,83,185.8,166.8561057,27840.96,517,31,133.8,166.8561057,VPN-Email
"('64.233.184.16', '465', '10.8.8.110', '37410', 'TLS')",9,2.018991947,669.1458091,4.457670083,0.751876116,0.135551929,0.252373993,0.196500535,0.03861246,290,101,150.1111111,54.30458226,2948.987654,238,49,98.11111111,54.30458226,VPN-Email
"('10.8.8.110', '37411', '64.233.184.16', '465', 'TLS')",11,2.181290865,885.2556214,5.042885466,0.702178001,0.000432014,0.218129086,0.176726247,0.031232166,569,83,175.5454545,160.0297493,25609.52066,517,31,123.5454545,160.0297493,VPN-Email
"('64.233.184.16', '465', '10.8.8.110', '37411', 'TLS')",9,2.011798859,668.5559017,4.473608264,0.706637144,0.134900808,0.251474857,0.17801714,0.031690102,290,101,149.4444444,54.57128083,2978.024691,238,49,97.44444444,54.57128083,VPN-Email
"('10.8.8.110', '37412', '64.233.184.16', '465', 'TLS')",10,2.192013025,843.9730871,4.562016687,0.703184843,0.133320093,0.243557003,0.174948677,0.03060704,569,83,185,165.5536167,27408,517,31,133,165.5536167,VPN-Email
"('64.233.184.16', '465', '10.8.8.110', '37412', 'TLS')",9,2.00927496,672.3818428,4.479227672,0.708728075,0.131347895,0.25115937,0.185730079,0.034495662,290,101,150.1111111,54.30458226,2948.987654,238,49,98.11111111,54.30458226,VPN-Email
"('10.8.8.110', '37413', '64.233.184.16', '465', 'TLS')",10,2.246614933,825.2415546,4.451141071,0.711580038,0.131323099,0.249623881,0.180526295,0.032589743,569,83,185.4,166.201805,27623.04,517,31,133.4,166.201805,VPN-Email
"('64.233.184.16', '465', '10.8.8.110', '37413', 'TLS')",9,2.062721014,654.9601186,4.363168814,0.730053902,0.133383989,0.257840127,0.193350454,0.037384398,290,101,150.1111111,54.30458226,2948.987654,238,49,98.11111111,54.30458226,VPN-Email
"('10.8.8.110', '37414', '64.233.184.16', '465', 'TLS')",10,2.054454088,901.4560173,4.867473095,0.708237886,0.130456924,0.228272676,0.174254822,0.030364743,569,83,185.2,165.8769423,27515.16,517,31,133.2,165.8769423,VPN-Email
"('64.233.184.16', '465', '10.8.8.110', '37414', 'TLS')",9,1.878428221,716.0241659,4.791239772,0.711534977,0.130549192,0.234803528,0.184978131,0.034216909,290,101,149.4444444,54.57128083,2978.024691,238,49,97.44444444,54.57128083,VPN-Email
"('10.8.8.110', '37415', '64.233.184.16', '465', 'TLS')",10,2.163980961,857.6785256,4.621112746,0.642160177,0.132231951,0.240442329,0.154935156,0.024004902,569,83,185.6,166.5281958,27731.64,517,31,133.6,166.5281958,VPN-Email
"('64.233.184.16', '465', '10.8.8.110', '37415', 'TLS')",9,1.985351086,677.4620417,4.533203253,0.673160076,0.13361907,0.248168886,0.168907753,0.028529829,290,101,149.4444444,54.57128083,2978.024691,238,49,97.44444444,54.57128083,VPN-Email
"('10.8.8.110', '37416', '64.233.184.16', '465', 'TLS')",11,2.315057993,834.9682841,4.751500841,0.947747946,0.000211954,0.231505799,0.247574619,0.061293192,569,83,175.7272727,160.3411652,25709.28926,517,31,123.7272727,160.3411652,VPN-Email
"('64.233.184.16', '465', '10.8.8.110', '37416', 'TLS')",9,2.140184879,628.4503797,4.205244176,0.931528091,0.134278059,0.26752311,0.253859952,0.064444875,290,101,149.4444444,54.57128083,2978.024691,238,49,97.44444444,54.57128083,VPN-Email
"('10.8.8.110', '37417', '64.233.184.16', '465', 'TLS')",10,2.180292845,854.0137186,4.586539842,0.849921942,0.130543947,0.242254761,0.218851794,0.047896108,569,83,186.2,167.516447,28061.76,517,31,134.2,167.516447,VPN-Email
"('64.233.184.16', '465', '10.8.8.110', '37417', 'TLS')",9,1.999634027,669.6225317,4.500823589,0.852612972,0.134581089,0.249954253,0.231275711,0.053488455,290,101,148.7777778,54.84073461,3007.506173,238,49,96.77777778,54.84073461,VPN-Email
"('10.8.8.110', '37418', '64.233.184.16', '465', 'TLS')",11,2.291075945,844.5813437,4.801237613,0.821930885,0.00112915,0.229107594,0.210399929,0.04426813,569,83,175.9090909,160.6540351,25809.71901,517,31,123.9090909,160.6540351,VPN-Email
"('64.233.184.16', '465', '10.8.8.110', '37418', 'TLS')",9,2.11581707,635.6882261,4.253675862,0.817866087,0.137940168,0.264477134,0.215879177,0.046603819,290,101,149.4444444,54.57128083,2978.024691,238,49,97.44444444,54.57128083,VPN-Email
"('10.8.8.110', '37419', '64.233.184.16', '465', 'TLS')",11,2.152499914,897.5610114,5.110337021,0.774127007,0.000544071,0.215249991,0.199173968,0.03967027,569,83,175.6363636,160.185275,25659.32231,517,31,123.6363636,160.185275,VPN-Email
"('64.233.184.16', '465', '10.8.8.110', '37419', 'TLS')",9,1.976860046,683.4070032,4.552674336,0.768289089,0.13162303,0.247107506,0.203517781,0.041419487,290,101,150.1111111,54.30458226,2948.987654,238,49,98.11111111,54.30458226,VPN-Email
"('10.8.8.110', '37420', '64.233.184.16', '465', 'TLS')",11,2.196265936,881.0408468,5.008500938,0.750233889,0.000427008,0.219626594,0.190701443,0.03636704,569,83,175.9090909,160.6540351,25809.71901,517,31,123.9090909,160.6540351,VPN-Email
"('64.233.184.16', '465', '10.8.8.110', '37420', 'TLS')",9,2.011011124,671.8013561,4.475360625,0.750749111,0.13063693,0.25137639,0.198198528,0.039282657,290,101,150.1111111,54.30458226,2948.987654,238,49,98.11111111,54.30458226,VPN-Email
"('10.8.8.110', '57573', '74.125.133.16', '995', 'TLS')",38,7.704317808,474.539095,4.932299127,0.454437017,0.140192986,0.208224806,0.061910878,0.003832957,233,83,96.21052632,27.110066,734.9556787,181,31,44.21052632,27.110066,VPN-Email
"('74.125.133.16', '995', '10.8.8.110', '57573', 'TLS')",96,7.563750029,13250.96673,12.69211696,0.509428024,0,0.079618421,0.106080168,0.011253002,1360,85,1044.03125,387.8430592,150422.2386,1308,33,992.03125,387.8430592,VPN-Email
"('10.8.8.110', '57574', '74.125.133.16', '995', 'TLS')",11,2.265004873,660.04273,4.856501692,0.413106918,0.131420851,0.226500487,0.081197715,0.006593069,569,83,135.9090909,137.3843014,18874.44628,517,31,83.90909091,137.3843014,VPN-Email
"('74.125.133.16', '995', '10.8.8.110', '57574', 'TLS')",13,2.102025032,2208.822411,6.184512459,0.472740889,2.81E-05,0.175168753,0.129025278,0.016647522,1326,85,357.1538462,416.8330871,173749.8225,1274,33,305.1538462,416.8330871,VPN-Email
"('10.8.8.110', '37423', '64.233.184.16', '465', 'TLS')",10,2.372561932,796.1857496,4.214853095,0.718870878,0.132292032,0.263617992,0.199082462,0.039633827,569,83,188.9,172.126378,29627.49,517,31,136.9,172.126378,VPN-Email
"('64.233.184.16', '465', '10.8.8.110', '37423', 'TLS')",9,2.192250967,616.2615596,4.105369383,0.72034502,0.132288933,0.274031371,0.21059736,0.044351248,290,101,150.1111111,54.30458226,2948.987654,238,49,98.11111111,54.30458226,VPN-Email
"('10.8.8.110', '37424', '64.233.184.16', '465', 'TLS')",11,2.165904045,892.9296773,5.078710677,0.708641052,0.000272036,0.216590405,0.182390394,0.033266256,569,83,175.8181818,160.4974189,25759.42149,517,31,123.8181818,160.4974189,VPN-Email
"('64.233.184.16', '465', '10.8.8.110', '37424', 'TLS')",9,1.993485928,674.6975142,4.514704556,0.7270751,0.130890846,0.249185741,0.187437935,0.035132979,290,101,149.4444444,54.57128083,2978.024691,238,49,97.44444444,54.57128083,VPN-Email
"('10.8.8.110', '37425', '64.233.184.16', '465', 'TLS')",10,2.120213985,873.9683884,4.716505064,0.717660904,0.130064964,0.235579332,0.177847918,0.031629882,569,83,185.3,166.0391821,27569.01,517,31,133.3,166.0391821,VPN-Email
"('64.233.184.16', '465', '10.8.8.110', '37425', 'TLS')",9,1.943872929,691.9176558,4.629932269,0.721796989,0.130169868,0.242984116,0.191528342,0.036683106,290,101,149.4444444,54.57128083,2978.024691,238,49,97.44444444,54.57128083,VPN-Email
"('10.8.8.110', '37426', '64.233.184.16', '465', 'TLS')",11,2.340121984,828.161956,4.700609658,0.900629044,0.000648975,0.234012198,0.23333772,0.054446492,569,83,176.1818182,161.1260479,25961.60331,517,31,124.1818182,161.1260479,VPN-Email
"('64.233.184.16', '465', '10.8.8.110', '37426', 'TLS')",9,2.148385048,628.8444436,4.189193184,0.906576872,0.131015062,0.268548131,0.248633438,0.061818586,290,101,150.1111111,54.30458226,2948.987654,238,49,98.11111111,54.30458226,VPN-Email
"('10.8.8.110', '37427', '64.233.184.16', '465', 'TLS')",10,2.246912003,824.242337,4.450552576,0.712252855,0.131346941,0.249656889,0.170987825,0.029236836,569,83,185.2,165.8769423,27515.16,517,31,133.2,165.8769423,VPN-Email
"('64.233.184.16', '465', '10.8.8.110', '37427', 'TLS')",9,2.068454981,650.243787,4.351073668,0.705025911,0.131529808,0.258556873,0.178233573,0.031767207,290,101,149.4444444,54.57128083,2978.024691,238,49,97.44444444,54.57128083,VPN-Email
"('10.8.8.110', '37428', '64.233.184.16', '465', 'TLS')",11,2.249729872,861.8812527,4.889475905,0.708885908,0.000231981,0.224972987,0.182207954,0.033199739,569,83,176.2727273,161.2841033,26012.56198,517,31,124.2727273,161.2841033,VPN-Email
"('64.233.184.16', '465', '10.8.8.110', '37428', 'TLS')",9,2.078602076,647.0694972,4.329833067,0.718441963,0.131618977,0.259825259,0.185995112,0.034594182,290,101,149.4444444,54.57128083,2978.024691,238,49,97.44444444,54.57128083,VPN-Email
"('10.8.8.110', '37429', '64.233.184.16', '465', 'TLS')",11,3.547311068,545.4835968,3.100940343,1.46446085,0.000319004,0.354731107,0.434772298,0.189026951,569,83,175.9090909,160.6540351,25809.71901,517,31,123.9090909,160.6540351,VPN-Email
"('64.233.184.16', '465', '10.8.8.110', '37429', 'TLS')",9,3.358993053,400.4176188,2.679374401,1.474090099,0.131224155,0.419874132,0.466927946,0.218021707,290,101,149.4444444,54.57128083,2978.024691,238,49,97.44444444,54.57128083,VPN-Email
"('10.8.8.110', '37430', '64.233.184.16', '465', 'TLS')",11,2.259687901,857.6405616,4.867928884,0.713963985,0.001195908,0.22596879,0.191752468,0.036769009,569,83,176.1818182,161.1260479,25961.60331,517,31,124.1818182,161.1260479,VPN-Email
"('64.233.184.16', '465', '10.8.8.110', '37430', 'TLS')",9,2.086912155,644.4928679,4.312591681,0.712762117,0.130567074,0.260864019,0.193220116,0.037334013,290,101,149.4444444,54.57128083,2978.024691,238,49,97.44444444,54.57128083,VPN-Email
"('10.8.8.110', '37431', '64.233.184.16', '465', 'TLS')",11,2.462486029,786.6034477,4.46703042,1.084576845,0.000213146,0.246248603,0.287961185,0.082921644,569,83,176.0909091,160.9683507,25910.80992,517,31,124.0909091,160.9683507,VPN-Email
"('64.233.184.16', '465', '10.8.8.110', '37431', 'TLS')",9,2.28699398,588.1082379,3.935296759,1.082932949,0.132043839,0.285874248,0.306263031,0.093797044,290,101,149.4444444,54.57128083,2978.024691,238,49,97.44444444,54.57128083,VPN-Email
"('10.8.8.110', '37432', '64.233.184.16', '465', 'TLS')",10,2.206660986,841.0897785,4.531733721,0.692481995,0.131896019,0.245184554,0.166558185,0.027741629,569,83,185.6,166.5281958,27731.64,517,31,133.6,166.5281958,VPN-Email
"('64.233.184.16', '465', '10.8.8.110', '37432', 'TLS')",9,2.010554075,671.9540731,4.476377985,0.705435991,0.132078171,0.251319259,0.183603568,0.03371027,290,101,150.1111111,54.30458226,2948.987654,238,49,98.11111111,54.30458226,VPN-Email
"('10.8.8.110', '37433', '64.233.184.16', '465', 'TLS')",11,2.225596905,868.9803602,4.942494293,0.823923111,0.000247955,0.22255969,0.211789617,0.044854842,569,83,175.8181818,160.4974189,25759.42149,517,31,123.8181818,160.4974189,VPN-Email
"('64.233.184.16', '465', '10.8.8.110', '37433', 'TLS')",9,2.049891949,656.1321444,4.390475315,0.824430943,0.131284952,0.256236494,0.221498043,0.049061383,290,101,149.4444444,54.57128083,2978.024691,238,49,97.44444444,54.57128083,VPN-Email
"('10.8.8.110', '37434', '64.233.184.16', '465', 'TLS')",10,2.094839811,884.5545086,4.773634693,0.697118998,0.130735874,0.232759979,0.171981288,0.029577563,569,83,185.3,166.0391821,27569.01,517,31,133.3,166.0391821,VPN-Email
"('64.233.184.16', '465', '10.8.8.110', '37434', 'TLS')",9,1.896811962,709.0845202,4.744803481,0.706650019,0.130779028,0.237101495,0.184738285,0.034128234,290,101,149.4444444,54.57128083,2978.024691,238,49,97.44444444,54.57128083,VPN-Email
"('10.8.8.110', '37435', '64.233.184.16', '465', 'TLS')",11,2.096940994,923.2496314,5.245736542,0.689748049,0.000356913,0.209694099,0.176002854,0.030977004,569,83,176,160.8110127,25860.18182,517,31,124,160.8110127,VPN-Email
"('64.233.184.16', '465', '10.8.8.110', '37435', 'TLS')",9,1.909875154,704.2345134,4.712349904,0.704898834,0.131011963,0.238734394,0.184235461,0.033942705,290,101,149.4444444,54.57128083,2978.024691,238,49,97.44444444,54.57128083,VPN-Email
"('10.8.8.110', '37436', '64.233.184.16', '465', 'TLS')",10,2.073980093,893.9333633,4.821647051,0.688559055,0.132178068,0.230442233,0.169790822,0.028828923,569,83,185.4,166.201805,27623.04,517,31,133.4,166.201805,VPN-Email
"('64.233.184.16', '465', '10.8.8.110', '37436', 'TLS')",9,1.901778936,710.3875083,4.732411232,0.686999083,0.13386488,0.237722367,0.178840633,0.031983972,290,101,150.1111111,54.30458226,2948.987654,238,49,98.11111111,54.30458226,VPN-Email
"('10.8.8.110', '37437', '64.233.184.16', '465', 'TLS')",10,2.083122015,889.5302275,4.800486927,0.638970137,0.134029865,0.231458002,0.151741329,0.023025431,569,83,185.3,166.0391821,27569.01,517,31,133.3,166.0391821,VPN-Email
"('64.233.184.16', '465', '10.8.8.110', '37437', 'TLS')",9,1.907290936,705.188692,4.718734742,0.639132977,0.131480932,0.238411367,0.159413742,0.025412741,290,101,149.4444444,54.57128083,2978.024691,238,49,97.44444444,54.57128083,VPN-Email
"('10.8.8.110', '37438', '64.233.184.16', '465', 'TLS')",11,2.177973986,887.5220791,5.050565375,0.728814125,0.000360012,0.217797399,0.186282101,0.034701021,569,83,175.7272727,160.3411652,25709.28926,517,31,123.7272727,160.3411652,VPN-Email
"('64.233.184.16', '465', '10.8.8.110', '37438', 'TLS')",9,1.974108934,681.3200511,4.559018929,0.742618084,0.130693913,0.246763617,0.195602403,0.0382603,290,101,149.4444444,54.57128083,2978.024691,238,49,97.44444444,54.57128083,VPN-Email
"('10.8.8.110', '37439', '64.233.184.16', '465', 'TLS')",11,2.136933804,905.5030141,5.147562354,0.689814806,0.000363111,0.21369338,0.174422031,0.030423045,569,83,175.9090909,160.6540351,25809.71901,517,31,123.9090909,160.6540351,VPN-Email
"('64.233.184.16', '465', '10.8.8.110', '37439', 'TLS')",9,1.960601807,689.0741381,4.590427271,0.689297915,0.13417697,0.245075226,0.175411186,0.030769084,290,101,150.1111111,54.30458226,2948.987654,238,49,98.11111111,54.30458226,VPN-Email
"('10.8.8.110', '37440', '64.233.184.16', '465', 'TLS')",11,2.103302002,918.0802368,5.229871882,0.71104908,0.000307083,0.2103302,0.182408999,0.033273043,569,83,175.5454545,160.0297493,25609.52066,517,31,123.5454545,160.0297493,VPN-Email
"('64.233.184.16', '465', '10.8.8.110', '37440', 'TLS')",9,1.927018881,701.0829076,4.670426476,0.735415936,0.132035971,0.24087736,0.194252165,0.037733903,290,101,150.1111111,54.30458226,2948.987654,238,49,98.11111111,54.30458226,VPN-Email
"('10.8.8.110', '37441', '64.233.184.16', '465', 'TLS')",11,2.2399261,863.4213424,4.910876301,0.850240231,0.000338793,0.22399261,0.221288575,0.048968633,569,83,175.8181818,160.4974189,25759.42149,517,31,123.8181818,160.4974189,VPN-Email
"('64.233.184.16', '465', '10.8.8.110', '37441', 'TLS')",9,2.063349009,651.8528831,4.361840853,0.860599995,0.130393982,0.257918626,0.234627006,0.055049832,290,101,149.4444444,54.57128083,2978.024691,238,49,97.44444444,54.57128083,VPN-Email
"('10.8.8.110', '37442', '64.233.184.16', '465', 'TLS')",10,2.240833998,828.7093117,4.462624188,0.834398985,0.131454945,0.248981555,0.214338487,0.045940987,569,83,185.7,166.6919614,27786.21,517,31,133.7,166.6919614,VPN-Email
"('64.233.184.16', '465', '10.8.8.110', '37442', 'TLS')",9,2.065502882,648.2682797,4.357292395,0.851523876,0.131922007,0.25818786,0.231105694,0.053409842,290,101,148.7777778,54.84073461,3007.506173,238,49,96.77777778,54.84073461,VPN-Email
"('10.8.8.110', '37443', '64.233.184.16', '465', 'TLS')",11,2.105678082,918.4689801,5.223970414,0.722909927,0.000397921,0.210567808,0.184748124,0.034131869,569,83,175.8181818,160.4974189,25759.42149,517,31,123.8181818,160.4974189,VPN-Email
"('64.233.184.16', '465', '10.8.8.110', '37443', 'TLS')",9,1.933073044,695.7833302,4.655799236,0.728204012,0.13023901,0.24163413,0.192615095,0.037100575,290,101,149.4444444,54.57128083,2978.024691,238,49,97.44444444,54.57128083,VPN-Email
"('10.8.8.110', '37444', '64.233.184.16', '465', 'TLS')",11,2.124720097,910.7081931,5.177152519,0.65073204,0.00029397,0.21247201,0.162478222,0.026399173,569,83,175.9090909,160.6540351,25809.71901,517,31,123.9090909,160.6540351,VPN-Email
"('64.233.184.16', '465', '10.8.8.110', '37444', 'TLS')",9,1.930820942,696.5948891,4.661229741,0.652836084,0.131079912,0.241352618,0.164259213,0.026981089,290,101,149.4444444,54.57128083,2978.024691,238,49,97.44444444,54.57128083,VPN-Email
"('10.8.8.110', '37445', '64.233.184.16', '465', 'TLS')",11,2.203166008,878.2815244,4.992814867,0.793535948,0.000311136,0.220316601,0.20382533,0.041544765,569,83,175.9090909,160.6540351,25809.71901,517,31,123.9090909,160.6540351,VPN-Email
"('64.233.184.16', '465', '10.8.8.110', '37445', 'TLS')",9,2.020671844,668.5895108,4.453964173,0.804913044,0.134786844,0.252583981,0.214792388,0.04613577,290,101,150.1111111,54.30458226,2948.987654,238,49,98.11111111,54.30458226,VPN-Email
"('10.8.8.110', '37446', '64.233.184.16', '465', 'TLS')",10,2.118662834,874.1362571,4.719958192,0.704236031,0.135215998,0.235406982,0.17302619,0.029938063,569,83,185.2,165.8769423,27515.16,517,31,133.2,165.8769423,VPN-Email
"('64.233.184.16', '465', '10.8.8.110', '37446', 'TLS')",9,1.936882019,697.5127998,4.646643374,0.70856905,0.132036924,0.242110252,0.183798228,0.033781789,290,101,150.1111111,54.30458226,2948.987654,238,49,98.11111111,54.30458226,VPN-Email
"('10.8.8.110', '51633', '64.233.184.16', '995', 'TLS')",31,6.051353931,500.0533822,5.122820505,0.456559896,0.145828009,0.201711798,0.055148916,0.003041403,233,83,97.61290323,29.83684388,890.2372529,181,31,45.61290323,29.83684388,VPN-Email
"('64.233.184.16', '995', '10.8.8.110', '51633', 'TLS')",76,5.91342783,12876.28803,12.85210578,0.49481082,2.10E-05,0.078845704,0.103406797,0.010692966,1360,85,1001.881579,423.9301385,179716.7623,1308,33,949.8815789,423.9301385,VPN-Email
"('10.8.8.110', '37448', '64.233.184.16', '465', 'TLS')",10,2.145538092,865.0510598,4.660835451,0.724001884,0.132380962,0.238393121,0.180470011,0.032569425,569,83,185.6,166.5281958,27731.64,517,31,133.6,166.5281958,VPN-Email
"('64.233.184.16', '465', '10.8.8.110', '37448', 'TLS')",9,1.968146086,680.3356772,4.572831288,0.738692045,0.133547068,0.246018261,0.193787321,0.037553526,290,101,148.7777778,54.84073461,3007.506173,238,49,96.77777778,54.84073461,VPN-Email
"('10.8.8.110', '37449', '64.233.184.16', '465', 'TLS')",10,2.15043211,863.5473733,4.650228182,0.713202953,0.132016182,0.238936901,0.175130086,0.030670547,569,83,185.7,166.6919614,27786.21,517,31,133.7,166.6919614,VPN-Email
"('64.233.184.16', '465', '10.8.8.110', '37449', 'TLS')",9,1.949717999,689.8433522,4.616052171,0.718908072,0.13138485,0.24371475,0.188311046,0.03546105,290,101,149.4444444,54.57128083,2978.024691,238,49,97.44444444,54.57128083,VPN-Email
"('10.8.8.110', '37450', '64.233.184.16', '465', 'TLS')",10,2.218322039,835.3160487,4.507911758,0.815958977,0.13194108,0.246480227,0.208770583,0.043585156,569,83,185.3,166.0391821,27569.01,517,31,133.3,166.0391821,VPN-Email
"('64.233.184.16', '465', '10.8.8.110', '37450', 'TLS')",9,2.048926115,656.4414354,4.392544921,0.820034981,0.133024931,0.256115764,0.220467816,0.048606058,290,101,149.4444444,54.57128083,2978.024691,238,49,97.44444444,54.57128083,VPN-Email
"('10.8.8.110', '37451', '64.233.184.16', '465', 'TLS')",11,2.07028389,935.1374512,5.313280973,0.630810976,0.000545025,0.207028389,0.160113824,0.025636437,569,83,176,160.8110127,25860.18182,517,31,124,160.8110127,VPN-Email
"('64.233.184.16', '465', '10.8.8.110', '37451', 'TLS')",9,1.896355867,709.2550629,4.745944659,0.668848038,0.130223989,0.237044483,0.171775948,0.029506976,290,101,149.4444444,54.57128083,2978.024691,238,49,97.44444444,54.57128083,VPN-Email
"('10.8.8.110', '51638', '64.233.184.16', '995', 'TLS')",8,1.348942041,913.3083277,5.930573557,0.298305035,0.131443024,0.192706006,0.049554761,0.002455674,569,83,154,157.3276835,24752,517,31,102,157.3276835,VPN-Email
"('64.233.184.16', '995', '10.8.8.110', '51638', 'TLS')",7,1.191007853,760.7002742,5.877375187,0.298687935,0.164424896,0.198501309,0.047473096,0.002253695,204,85,129.4285714,46.67473205,2178.530612,152,33,77.42857143,46.67473205,VPN-Email
